time, x, y, z
0,0.22984336,0.37349546,7.297527
5,0.08619126,0.36391866,7.785944
10,0.0,0.22026655,8.724471
15,-0.25857377,0.009576807,9.854534
20,-0.50757074,-0.31603462,10.860099
25,-0.6512229,-0.49799395,11.664551
30,-0.8714894,-0.7278373,12.354081
35,-1.0055647,-0.90979666,12.785037
40,-1.0055647,-0.9864111,12.880805
45,-0.8714894,-1.0055647,12.631808
50,-0.79487497,-0.8331822,12.11466
55,-0.6607997,-0.7086837,11.36767
60,-0.62249243,-0.48841715,10.611102
65,-0.4213795,-0.39264908,9.902418
70,-0.45968673,-0.30645782,9.375694
75,-0.51714754,-0.10534488,9.021352
80,-0.5363012,0.009576807,8.829816
85,-0.61291564,-0.019153614,8.724471
90,-0.7278373,0.10534488,8.580819
95,-0.79487497,0.02873042,8.552089
100,-0.9576807,0.16280572,8.552089
105,-0.9959879,0.21068975,8.781932
110,-0.8810662,0.10534488,9.021352
115,-0.8714894,0.05746084,9.126697
120,-0.7565677,0.038307227,9.299079
125,-0.6895301,-0.1340753,9.605537
130,-0.6512229,-0.22984336,9.844957
135,-0.5363012,-0.37349546,10.084377
140,-0.5554548,-0.45968673,10.314221
145,-0.35434186,-0.5650316,10.5919485
150,-0.2873042,-0.7086837,10.630256
155,-0.15322891,-0.7374141,10.7356
160,-0.15322891,-0.7278373,10.524911
165,-0.15322891,-0.7469909,10.266336
170,-0.2873042,-0.62249243,9.921572
175,-0.40222588,-0.59376204,9.691729
180,-0.34476504,-0.49799395,9.452309
185,-0.36391866,-0.39264908,9.097966
190,-0.45968673,-0.31603462,8.858546
195,-1.0630256,-0.15322891,8.762778
200,-0.019153614,-0.23942018,9.059659
205,-0.22026655,-0.22984336,9.184157
210,-0.40222588,-0.20111294,9.270349
215,-0.62249243,-0.1436521,9.442732
220,-0.6607997,-0.2777274,9.509769
225,-0.79487497,-0.35434186,9.624691
230,-0.62249243,-0.36391866,9.586384
235,-0.62249243,-0.2681506,9.56723
240,-0.62249243,-0.17238252,9.634268
245,-0.7086837,-0.1436521,9.643845
250,-0.6512229,-0.19153613,9.586384
255,-0.6895301,-0.19153613,9.672575
260,-0.6512229,-0.25857377,9.624691
265,-0.5363012,-0.34476504,9.768343
270,-0.5363012,-0.2777274,9.835381
275,-0.4213795,-0.38307226,9.892841
280,-0.47884035,-0.34476504,9.844957
285,-0.41180268,-0.31603462,9.787497
290,-0.41180268,-0.29688102,9.749189
295,-0.4309563,-0.2681506,9.720459
300,-0.4213795,-0.25857377,9.682152
305,-0.4309563,-0.34476504,9.749189
310,-0.37349546,-0.34476504,9.816227
315,-0.4405331,-0.34476504,9.768343
320,-0.5267244,-0.33518824,9.825804
325,-0.58418524,-0.35434186,9.586384
330,-0.6607997,-0.2873042,9.509769
335,-0.641646,-0.32561144,9.308656
340,-0.60333884,-0.29688102,9.222465
345,-0.62249243,-0.39264908,9.174581
350,-0.6512229,-0.31603462,9.241618
355,-0.79487497,-0.2777274,9.337387
360,-0.82360536,-0.39264908,9.634268
365,-0.7661445,-0.40222588,9.873688
370,-0.92895025,-0.41180268,10.0748005
375,-0.8523358,-0.50757074,10.304645
380,-0.7661445,-0.545878,10.333375
385,-0.7757214,-0.58418524,10.25676
390,-0.79487497,-0.48841715,10.400413
395,-0.7469909,-0.38307226,10.400413
400,-0.7086837,-0.37349546,10.400413
405,-0.7757214,-0.34476504,10.323798
410,-0.82360536,-0.30645782,10.132261
415,-0.8810662,-0.32561144,9.80665
420,-1.043872,-0.22026655,9.337387
425,-1.0342951,-0.2873042,8.983045
430,-1.0342951,-0.31603462,8.523358
435,-0.9672575,-0.4309563,7.9870567
440,-0.9672575,-0.4309563,7.872135
445,-0.92895025,-0.37349546,7.6710224
450,-0.90021986,-0.37349546,7.603985
455,-0.9576807,-0.37349546,7.7093296
460,-1.1492168,-0.4309563,7.776367
465,-1.3024458,-0.48841715,7.9487495
470,-1.4077905,-0.5363012,8.111555
475,-1.5610195,-0.641646,8.1881695
480,-1.5993267,-0.6512229,8.197746
485,-1.6472107,-0.6607997,8.101978
490,-1.6280571,-0.6512229,8.082825
495,-1.4748282,-0.7278373,8.101978
500,-1.388637,-0.7182605,8.015787
505,-1.2737153,-0.7565677,7.929596
510,-1.3599066,-0.80445176,7.872135
515,-1.5131354,-0.842759,8.169016
520,-1.5610195,-0.90021986,8.39886
525,-1.6280571,-1.043872,8.724471
530,-1.5897499,-1.13964,8.781932
535,-1.4652514,-1.1587936,8.724471
540,-1.2545617,-1.1683705,8.39886
545,-1.1013328,-1.1204864,8.101978
550,-0.9672575,-1.0534488,7.690176
555,-1.0534488,-1.1013328,7.1634517
560,-1.0726024,-1.0151415,6.6271505
565,-0.9864111,-0.9768343,6.1387334
570,-0.9672575,-0.9672575,5.5737014
575,-0.9672575,-0.90979666,4.9703627
580,-0.8714894,-0.82360536,4.6351743
585,-0.7469909,-0.7182605,4.185065
590,-0.79487497,-0.545878,3.9360676
595,-0.7278373,-0.45968673,3.715801
600,-0.8331822,-0.32561144,3.5242648
605,-0.9959879,-0.29688102,3.4859576
610,-1.2354081,-0.29688102,3.5051112
615,-1.388637,-0.22026655,3.4476504
620,-1.4077905,-0.15322891,3.3997664
625,-1.436521,-0.095768064,3.3806129
630,-1.5035586,-0.019153614,3.3518825
635,-1.4652514,0.02873042,3.3135753
640,-1.3982137,0.11492168,3.2752678
645,-1.2545617,0.0,3.1028855
650,-1.0342951,-0.1340753,2.9496565
655,-0.7661445,-0.24899697,2.767697
660,-0.51714754,-0.2873042,2.6431987
665,-0.4405331,-0.46926352,2.4516625
670,-0.30645782,-0.48841715,2.4516625
675,-0.1436521,-0.4405331,2.231396
680,0.009576807,-0.4405331,2.0494366
685,0.16280572,-0.34476504,1.8291701
690,0.30645782,-0.30645782,1.6950948
695,0.23942018,-0.19153613,1.541866
700,0.15322891,-0.17238252,1.283292
705,-0.076614454,-0.076614454,1.2354081
710,-0.2681506,-0.16280572,1.0821792
715,-0.6607997,-0.15322891,0.9864111
720,-1.0630256,-0.12449849,1.0055647
725,-1.4652514,-0.06703765,1.091756
730,-1.7621324,-0.019153614,1.13964
735,-2.0685902,0.15322891,1.5514427
740,-2.2697031,0.25857377,2.0398598
745,-2.384625,0.4405331,2.6431987
750,-2.384625,0.39264908,3.3518825
755,-2.327164,0.48841715,3.964798
760,-2.135628,0.47884035,4.7022123
765,-2.0015526,0.39264908,5.6407394
770,-1.8483237,0.20111294,6.3206925
775,-1.5801731,-0.21068975,6.8761473
780,-1.2066777,-0.63206923,7.335834
785,-0.90021986,-0.79487497,7.7667904
790,-0.40222588,-1.1013328,8.073248
795,0.06703765,-1.340753,8.274361
800,0.36391866,-1.4460979,8.485051
805,0.7661445,-1.5993267,8.63828
810,0.90021986,-1.6759412,8.6574335
815,0.9672575,-1.7046716,8.6095495
820,0.90979666,-1.5993267,8.504205
825,0.5746084,-1.4460979,8.6095495
830,0.38307226,-1.388637,8.676587
835,-0.019153614,-1.4556746,8.820239
840,-0.29688102,-1.4460979,9.078813
845,-0.61291564,-1.6280571,9.634268
850,-0.81402856,-1.7717092,10.151415
855,-1.0151415,-1.8962077,10.888829
860,-1.13964,-2.0685902,11.63582
865,-1.3982137,-2.2218192,12.430696
870,-1.685518,-2.3654714,13.311762
875,-2.1452048,-2.5953147,13.924677
880,-2.5570073,-2.767697,14.54717
885,-2.8443117,-2.8443117,14.911088
890,-2.8921957,-2.8060043,15.150508
895,-2.6240451,-2.873042,15.131354
900,-2.2409728,-2.9400797,15.073894
905,-1.8387469,-2.96881,15.045163
910,-1.6184803,-2.9113493,15.073894
915,-1.3694834,-3.0071173,14.901511
920,-1.091756,-3.1411927,14.595054
925,-0.9768343,-3.1890767,14.144943
930,-0.7757214,-3.2082303,13.723564
935,-0.5650316,-3.169923,13.340492
940,-0.41180268,-2.9783869,13.101071
945,-0.39264908,-2.9592333,13.062764
950,-0.4213795,-2.8921957,12.737153
955,-0.5554548,-2.9975405,12.909535
960,-0.6607997,-3.1028855,13.283031
965,-0.61291564,-3.2369606,14.049175
970,-1.0821792,-3.2561142,14.18325
975,-1.1683705,-3.3039982,14.192827
980,-1.1875241,-3.3135753,14.231135
985,-1.4460979,-3.2848446,14.518439
990,-1.8866309,-3.2944214,14.796166
995,-2.3175871,-3.3423057,15.112201
1000,-2.6623523,-3.4380736,15.332468
1005,-2.7964275,-3.6391866,15.428236
1010,-2.6910827,-3.6487634,15.332468
1015,-2.4133554,-3.6966474,15.763424
1020,-2.4037786,-3.5242648,16.836027
1025,-2.3942018,-3.6966474,17.7554
1030,-2.5474305,-3.8594532,18.693928
1035,-2.7389667,-3.8498764,19.258959
1040,-2.920926,-3.9073372,19.929335
1045,-3.016694,-3.8019924,19.88145
1050,-3.3135753,-3.8402996,19.546263
1055,-3.572149,-3.667917,18.703505
1060,-4.405331,-3.2273839,17.448942
1065,-4.8841715,-2.6527755,15.619772
1070,-4.9799395,-2.1452048,14.001291
1075,-5.1906295,-1.7812861,12.737153
1080,-5.7843914,-1.4556746,10.97502
1085,-4.405331,-0.6895301,10.601525
1090,-3.217807,0.095768064,11.204864
1095,-3.667917,0.5746084,11.760319
1100,-4.721366,0.7182605,12.29662
1105,-5.592855,0.4405331,13.158532
1110,-6.2728086,0.25857377,13.934254
1115,-6.4260373,0.06703765,14.298173
1120,-6.157887,0.15322891,14.250289
1125,-5.6120086,0.16280572,13.905523
1130,-5.161899,0.06703765,13.091495
1135,-4.4723687,0.18195933,12.880805
1140,-3.8977604,-0.46926352,13.206416
1145,-3.5913026,-1.0821792,14.058752
1150,-3.7732618,-1.8483237,16.414646
1155,-4.596867,-2.7581203,18.02355
1160,-6.1100025,-3.715801,17.180792
1165,-7.1347213,-3.6104562,17.381905
1170,-6.9144545,-3.4859576,18.646044
1175,-6.1866174,-3.715801,19.172768
1180,-5.851429,-4.223372,18.799273
1185,-7.029376,-4.759673,18.722658
1190,-8.37013,-5.2002063,20.714634
1195,-8.724471,-5.0757074,23.195026
1200,-9.088389,-4.960786,24.899698
1205,-9.442732,-5.4300494,25.73288
1210,-9.557653,-5.7365074,25.215733
1215,-9.615114,-5.1810527,23.999477
1220,-9.586384,-4.156334,22.323536
1225,-8.887277,-3.7253778,20.398598
1230,-8.39886,-3.6774938,18.377892
1235,-8.303091,-3.7253778,16.46253
1240,-8.7532015,-4.050989,15.629349
1245,-9.404425,-4.367024,14.987702
1250,-10.218452,-5.0278234,14.738706
1255,-10.716447,-5.8801594,14.78659
1260,-11.348516,-6.6654577,14.997279
1265,-11.9614315,-7.469909,16.232687
1270,-12.430696,-8.571242,18.397045
1275,-13.311762,-9.998186,20.12087
1280,-14.623784,-11.760319,21.231781
1285,-16.203957,-12.861651,21.768082
1290,-18.08101,-13.206416,21.222204
1295,-19.412188,-13.704411,20.647596
1300,-19.469648,-14.54717,19.28769
1305,-18.598158,-15.073894,16.836027
1310,-17.266983,-15.20797,14.039598
1315,-15.993267,-14.930242,11.300632
1320,-15.370775,-14.987702,9.528923
1325,-13.838486,-15.763424,8.801085
1330,-11.9135475,-16.136919,9.155427
1335,-10.237606,-16.089035,10.036493
1340,-8.724471,-15.859192,10.371682
1345,-7.6614456,-15.045163,10.524911
1350,-6.6271505,-13.867216,10.314221
1355,-5.8322754,-12.53604,9.155427
1360,-5.554548,-11.587936,7.6231384
1365,-5.793968,-11.769896,5.9759274
1370,-6.655881,-12.641385,4.9895163
1375,-7.1730285,-13.139379,4.280833
1380,-7.8146744,-12.612655,3.5051112
1385,-8.159439,-11.21444,2.767697
1390,-8.571242,-9.500193,2.3558946
1395,-8.973468,-7.824251,2.0494366
1400,-9.356541,-6.5601125,1.3120226
1405,-10.247183,-4.711789,0.4309563
1410,-11.616667,-2.528277,0.0
1415,-13.177686,-0.78529817,0.4213795
1420,-13.953407,0.545878,1.5035586
1425,-14.106636,2.0207062,2.96881
1430,-13.972561,3.2273839,5.257667
1435,-13.196839,4.098873,7.9583263
1440,-12.11466,4.5394063,10.189722
1445,-10.965444,4.903325,11.741165
1450,-9.279925,5.2768207,12.899959
1455,-7.3645644,5.813122,13.101071
1460,-5.592855,6.483498,13.091495
1465,-3.2369606,7.086837,12.804191
1470,-1.532289,7.642292,12.421119
1475,-0.50757074,7.8050976,12.133814
1480,0.79487497,7.603985,13.378799
1485,0.5650316,7.07726,11.530476
1490,1.3024458,5.9663506,8.456321
1495,3.2369606,4.5777135,5.353435
1500,5.0661306,3.1890767,2.1452048
1505,6.4739213,1.7717092,-0.5650316
1510,8.868123,-0.78529817,-2.920926
1515,9.528923,-1.4556746,-3.821146
1520,8.197746,-0.92895025,-5.6790466
1525,7.07726,-0.5746084,-5.45878
1530,6.215348,-0.8523358,-5.506664
1535,5.391742,-1.733402,-5.3725886
1540,5.5162406,-2.5187001,-4.4340615
1545,6.1195793,-2.767697,-3.3614593
1550,6.7803793,-2.6719291,-2.528277
1555,6.646304,-2.4037786,-1.8866309
1560,5.947197,-2.4229321,-1.1492168
1565,5.00867,-2.5187001,0.17238252
1570,3.5625722,-2.3080103,1.484405
1575,2.0973208,-1.388637,3.0933087
1580,0.5650316,-0.61291564,4.4244847
1585,-0.90021986,0.047884032,5.2480903
1590,-2.0590134,0.545878,5.765238
1595,-2.6240451,1.0534488,6.081272
1600,-3.0454245,1.6376339,6.1387334
1605,-3.2369606,2.0685902,5.985504
1610,-3.3614593,2.4899697,5.4779334
1615,-3.3518825,2.9496565,5.21936
1620,-2.9975405,3.169923,4.7979803
1625,-2.7581203,3.2944214,4.4819455
1630,-2.480393,3.2273839,3.964798
1635,-2.2026656,3.1507695,3.6391866
1640,-2.087744,2.8538885,3.3901896
1645,-2.1547816,2.6048915,3.1603463
1650,-2.0111294,2.3080103,2.873042
1655,-2.0398598,1.9057846,2.2984335
1660,-2.0685902,1.6663644,1.5610195
1665,-1.8387469,1.5035586,0.8619126
1670,-1.4652514,1.3024458,0.24899697
1675,-0.9768343,1.1204864,-0.4309563
1680,-0.5267244,1.0630256,-0.9864111
1685,-0.2777274,0.79487497,-1.3790601
1690,-0.4405331,0.6991069,-1.5993267
1695,-0.7661445,0.7469909,-1.7717092
1700,-1.1779473,0.7374141,-1.8962077
1705,-1.5993267,0.94810385,-1.934515
1710,-2.2888567,1.3982137,-1.6089035
1715,-3.0550013,1.6759412,-1.1875241
1720,-3.7541082,1.9153614,-0.5650316
1725,-4.2904096,1.9728222,-0.11492168
1730,-4.596867,1.9632454,0.16280572
1735,-4.6351743,1.7621324,0.17238252
1740,-4.76925,1.6663644,-0.009576807
1745,-5.104438,1.3694834,-0.1340753
1750,-5.4779334,1.1683705,-0.10534488
1755,-5.9759274,0.89064306,0.15322891
1760,-6.4260373,0.58418524,0.34476504
1765,-6.4164605,0.37349546,0.24899697
1770,-6.1770406,0.1436521,0.38307226
1775,-6.0046577,-0.1436521,0.4309563
1780,-5.7269306,-0.37349546,0.545878
1785,-5.583278,-0.6703765,0.6512229
1790,-5.2002063,-0.8523358,0.5650316
1795,-4.8267107,-1.0534488,0.39264908
1800,-4.4244847,-1.1875241,0.2873042
1805,-4.10845,-1.3120226,0.076614454
1810,-3.821146,-1.4460979,-0.02873042
1815,-3.6487634,-1.6567876,0.19153613
1820,-3.5625722,-1.8195933,0.641646
1825,-3.572149,-1.9919758,1.1875241
1830,-3.8115692,-2.1068976,1.9057846
1835,-4.0797195,-2.0015526,2.566584
1840,-4.4723687,-1.8291701,3.122039
1845,-5.1140146,-1.6376339,3.7828386
1850,-5.544971,-1.340753,4.501099
1855,-5.4204726,-1.0247183,5.0757074
1860,-4.9224787,-0.59376204,5.1140146
1865,-4.4244847,-0.34476504,5.0757074
1870,-3.7062242,-0.095768064,4.7788267
1875,-2.834735,0.21068975,4.357447
1880,-1.9536686,0.5650316,3.8881836
1885,-1.2737153,0.79487497,3.3135753
1890,-0.59376204,1.0151415,2.719813
1895,0.08619126,1.3503298,2.0685902
1900,0.6895301,2.0111294,1.436521
1905,1.0726024,2.7581203,0.6991069
1910,1.2066777,3.572149,0.15322891
1915,1.13964,4.2425256,-0.36391866
1920,1.0821792,4.8937483,-0.8619126
1925,1.0726024,5.5258174,-1.4652514
1930,1.043872,5.90889,-2.1930888
1935,1.3982137,6.1770406,-2.9113493
1940,1.8483237,6.339846,-3.6391866
1945,2.327164,6.3302693,-4.357447
1950,2.9879637,6.2632318,-5.00867
1955,3.7253778,5.90889,-5.5162406
1960,4.673482,5.5641246,-5.889736
1965,5.746084,4.9895163,-6.4643445
1970,7.144298,4.3957543,-6.895301
1975,8.561666,3.9264908,-7.335834
1980,10.524911,3.4093432,-7.699753
1985,12.143391,2.8634653,-7.795521
1990,13.053187,2.384625,-7.422025
1995,13.129802,2.0973208,-6.8761473
2000,12.603078,1.9919758,-6.0238113
2005,11.587936,1.8483237,-5.1140146
2010,10.371682,1.5993267,-3.7445314
2015,8.848969,1.3503298,-1.8195933
2020,7.07726,0.9959879,0.15322891
2025,4.912902,0.2777274,2.4995465
2030,2.1164744,-0.641646,4.4819455
2035,-1.1779473,-1.6950948,6.1866174
2040,-4.4244847,-3.1890767,7.393295
2045,-7.3645644,-5.1235914,8.63828
2050,-10.093954,-7.441179,9.9790325
2055,-11.769896,-9.595961,12.248735
2060,-12.449849,-11.310209,13.733141
2065,-12.765883,-12.516887,14.15452
2070,-12.727576,-12.995727,14.757859
2075,-11.951855,-12.354081,15.964537
2080,-11.262324,-10.850522,16.347609
2085,-11.319786,-8.983045,16.270994
2090,-12.545617,-7.5848308,15.935806
2095,-14.939818,-6.6367273,16.395493
2100,-17.611748,-5.6886234,18.368315
2105,-19.191921,-4.6926355,20.791248
2110,-19.651608,-4.510676,23.444023
2115,-19.191921,-5.171476,25.924416
2120,-18.636467,-6.8761473,28.203695
2125,-19.479225,-8.695741,30.856472
2130,-21.346703,-10.304645,34.055126
2135,-23.376986,-11.903971,36.91859
2140,-25.234886,-13.062764,38.709454
2145,-26.336218,-13.474567,40.09809
2150,-27.389668,-13.340492,40.011898
2155,-27.686548,-12.77546,38.402996
2160,-26.958712,-12.124237,35.386303
2165,-24.918852,-11.482592,30.89478
2170,-21.95004,-10.869676,25.005043
2175,-18.425776,-9.998186,19.009962
2180,-14.882358,-9.030929,12.98615
2185,-11.990162,-7.7667904,7.297527
2190,-9.624691,-6.6079965,2.9879637
2195,-7.929596,-5.410896,-0.05746084
2200,-7.0581064,-4.548983,-1.8291701
2205,-6.885724,-4.0797195,-1.7142484
2210,-7.73806,-4.175488,-0.82360536
2215,-9.346964,-4.5298295,0.61291564
2220,-11.032481,-4.8267107,2.3175871
2225,-12.095507,-4.7022123,4.2521024
2230,-12.564771,-4.6926355,6.033388
2235,-12.966996,-4.6160207,7.651869
2240,-13.512875,-4.6926355,8.781932
2245,-13.88637,-4.8362875,9.672575
2250,-13.493721,-4.903325,10.860099
2255,-12.74673,-4.903325,12.277467
2260,-11.999739,-4.855441,13.350069
2265,-11.319786,-4.9320555,14.528016
2270,-10.783484,-5.094861,15.44739
2275,-10.5440645,-5.1235914,16.376339
2280,-10.620679,-5.094861,17.458519
2285,-10.879252,-5.2959743,18.962078
2290,-11.271901,-5.803545,20.254946
2295,-11.923124,-6.2249246,21.71062
2300,-12.804191,-6.4260373,22.955606
2305,-13.570335,-6.3302693,23.999477
2310,-13.9438305,-6.129156,25.07208
2315,-13.8959465,-5.8705826,25.646688
2320,-13.359646,-5.659893,25.665842
2325,-12.516887,-5.4204726,24.938005
2330,-11.664551,-5.0757074,23.855825
2335,-10.611102,-4.663905,22.256498
2340,-9.346964,-4.2425256,20.33156
2345,-8.025364,-3.8307228,18.138472
2350,-6.9048777,-3.6008794,15.993267
2355,-5.90889,-3.2561142,14.173674
2360,-5.602432,-2.9879637,12.765883
2365,-5.410896,-2.7581203,11.990162
2370,-5.267244,-2.566584,11.032481
2375,-5.3247046,-2.4229321,10.237606
2380,-5.602432,-2.2505496,9.519346
2385,-5.9663506,-1.982399,8.925584
2390,-6.291962,-1.7717092,8.37013
2395,-6.3206925,-1.6184803,7.7189064
2400,-6.349423,-1.4556746,6.789956
2405,-6.4164605,-1.2545617,6.090849
2410,-6.4068837,-1.0821792,5.4300494
2415,-6.2249246,-0.89064306,5.056554
2420,-6.0238113,-0.6991069,4.865018
2425,-6.1866174,-0.641646,5.899313
2430,-6.301539,-0.35434186,4.7022123
2435,-6.5601125,-0.49799395,4.4723687
2440,-5.4683566,-0.4405331,4.596867
2445,-4.146757,-0.5746084,4.309563
2450,-3.6583402,-0.8331822,4.213795
2455,-3.3806129,-1.0151415,4.4436383
2460,-3.916914,-0.91937345,5.046977
2465,-4.55856,-0.8331822,5.497087
2470,-3.8115692,-0.92895025,5.9759274
2475,-4.003105,-0.93852705,6.531382
2480,-7.7667904,-0.641646,8.475474
2485,-9.184157,-0.31603462,10.70687
2490,-3.1124623,-0.7374141,8.676587
2495,-4.0414124,-0.78529817,7.6231384
2500,-5.6790466,-0.23942018,7.038953
2505,-4.462792,0.30645782,6.3302693
2510,-3.3806129,0.4309563,5.746084
2515,-2.7389667,0.038307227,5.21936
2520,-2.5378537,-0.20111294,4.855441
2525,-2.4899697,-0.24899697,4.9703627
2530,-2.4708161,-0.10534488,5.2385135
2535,-2.633622,-0.019153614,5.6982
2540,-3.0262709,0.05746084,6.205771
2545,-3.4380736,0.1436521,6.445191
2550,-3.3997664,0.095768064,6.6175733
2555,-3.0358477,0.25857377,6.751649
2560,-2.6144683,0.12449849,6.540959
2565,-2.1260512,0.047884032,6.1770406
2570,-1.685518,0.05746084,5.90889
2575,-1.4077905,0.02873042,5.650316
2580,-1.2545617,0.009576807,5.6120086
2585,-1.13964,-0.05746084,5.5162406
2590,-1.2162545,0.019153614,5.583278
2595,-1.3503298,0.06703765,5.497087
2600,-1.4748282,0.11492168,5.4779334
2605,-1.6280571,0.1436521,5.4683566
2610,-1.7908629,0.24899697,5.3821654
2615,-2.030283,0.38307226,5.2863975
2620,-2.231396,0.38307226,5.1523223
2625,-2.4133554,0.40222588,5.085284
2630,-2.384625,0.41180268,4.8841715
2635,-2.2026656,0.4309563,4.7788267
2640,-2.2122424,0.30645782,4.807557
2645,-2.2601264,0.33518824,4.7884035
2650,-1.9153614,0.36391866,5.0278234
2655,-2.1260512,0.21068975,5.1523223
2660,-2.183512,0.11492168,5.2768207
2665,-2.183512,-0.06703765,5.391742
2670,-2.1547816,-0.019153614,5.6215854
2675,-1.5897499,0.5650316,3.7541082
2680,-2.7389667,0.842759,3.4093432
2685,-3.572149,0.019153614,4.711789
2690,-4.185065,-0.02873042,5.746084
2695,-4.663905,0.30645782,7.019799
2700,-4.6830587,0.545878,7.776367
2705,-4.1180267,-0.038307227,7.6231384
2710,-3.6774938,0.0,7.0964136
2715,-3.466804,0.076614454,6.789956
2720,-3.3135753,0.05746084,6.4739213
2725,-2.8921957,-0.047884032,5.889736